Published At,Title,Source,Author,URL,Description,Content
2023-11-01T14:02:49Z,How Singapore is helping 'future-food' companies scale up,Business Insider,Sponsor Post,https://www.businessinsider.com/singapore-is-investing-in-the-food-tech-sector,More than 60 alternative protein companies call the city home and employ nearly 800 people.,"Thanks to support from Singapore's Agency for Science, Technology, and Research (A*STAR), Corning Life Sciences has been able to quickly scale up its operations in the region.Corning Life Sciences
<… [+6555 chars]"
2023-10-15T12:14:01Z,"They viewed 16 apartments in 3 days, and finally bought their dream home for $371,000. It wasn't even on their initial list.",Business Insider,Amanda Goh,https://www.businessinsider.com/millennial-couple-singapore-vintage-home-renovation-journey-hdb-2023-10,"A lot of the vintage furniture and tile choices in the five-room flat intentionally evoke a nostalgic, ""old Singapore"" feel, the couple told Insider.","A balcony-like area with a bar table. The window overlooks the park next door.Amanda Goh/Insider
<ul>
<li>Soh Jun Hao and Grace Lim bought their public housing apartment in Singapore right before th… [+6772 chars]"
2023-10-13T11:48:07Z,"Man makes bomb threat on flight to Australia, fighter jets escort plane back to Singapore airport",Boing Boing,Carla Sinclair,https://boingboing.net/2023/10/13/man-makes-bomb-threat-on-flight-to-australia-fighter-jets-escort-plane-back-to-singapore-airport.html,"An Australian man reportedly made a bomb threat 40 minutes into a Scoot flight from Singapore to Perth on Thursday, forcing the plane to make an immediate U-turn and head back to Changi airport. And two F-15SG fighter jets immediately showed up to escort the …","An Australian man reportedly made a bomb threat 40 minutes into a Scoot flight from Singapore to Perth on Thursday, forcing the plane to make an immediate U-turn and head back to Changi airport. And … [+702 chars]"
2023-10-14T13:00:00Z,How China’s EV Boom Caught Western Car Companies Asleep at the Wheel,Wired,Carlton Reid,https://www.wired.com/story/how-chinas-ev-boom-caught-western-car-companies-asleep-at-the-wheel/,"Auto execs in the US, Europe, and Japan never thought Chinese EVs were a threat. Now they’re coming to wipe the floor with their Western counterparts.","David Tyfield, a professor of political economy at Lancaster University and author of the 2019 book Liberalism 2.0 and the Rise of China, tells me there is no future for the EV which does not feature… [+2611 chars]"
2023-11-08T00:30:01Z,Majoring in computer science isn't the road to the promised land of money and job security after all,Business Insider,Kwan Wei Kevin Tan,https://www.businessinsider.com/computer-science-major-myth-job-security-money-salary-2023-11,"""The fact is that it's a hard job and getting a degree doesn't mean you get a job,"" said a computer science professor.","Joel Wong (pictured) is in his senior year at the National University of Singapore. The computer science major told Insider that job hunting has been challenging.Joel Wong
<ul>
<li>Many computer sci… [+5513 chars]"
2023-10-18T05:20:53Z,"Rolls-Royce is cutting up to 2,500 jobs in an overhaul of the U.K. jet engine maker",NPR,The Associated Press,https://www.npr.org/2023/10/18/1206699073/rolls-royce-is-cutting-up-to-2-500-jobs-in-an-overhaul-of-the-u-k-jet-engine-mak,"The aerospace company was hit hard by the COVID-19 pandemic that decimated demand for air travel. Rolls-Royce, based in Derby, central England, didn't disclose where jobs will be cut.","A visitor takes a photo of the Rolls-Royce jet engine of the Airbus A350-1000 parked at the static display area during the Singapore Airshow on Feb. 7, 2018, in Singapore.
Yong Teck Lim/AP
Jet engi… [+1060 chars]"
2023-11-03T15:40:12Z,Apple's Extended Return Policy Now in Effect for 2023 Holiday Season,MacRumors,Joe Rossignol,https://www.macrumors.com/2023/11/03/apple-2023-holiday-return-policy/,"Apple today indicated that its extended return policy is now in effect for the 2023 holiday shopping season. The policy applies to most products that Apple sells, including the iPhone, iPad, Mac, Apple Watch, accessories, and more.





In the U.S., Canada, U…","Apple today indicated that its extended return policy is now in effect for the 2023 holiday shopping season. The policy applies to most products that Apple sells, including the iPhone, iPad, Mac, App… [+650 chars]"
2023-10-24T15:13:31Z,China sacked its defense minister with no explanation months after he mysteriously disappeared,Business Insider,Chris Panella,https://www.businessinsider.com/china-sacked-defense-minister-without-explanation-months-after-disappearance-2023-10,"General Li Shangfu, who has been absent from public view for two months, is the second minister to be ousted with no explanation this year.","03 June 2023, Singapore, Singapur: Chinese Defense Minister General Li Shangfu meets with German Defense Minister Pistorius (not pictured).Britta Pedersen/picture alliance via Getty Images
<ul>
<li>… [+2354 chars]"
2023-11-07T23:34:00Z,"Apple Invites Developers to Labs, Workshops and Vision Pro Sessions Held in November",MacRumors,Juli Clover,https://www.macrumors.com/2023/11/07/apple-developer-labs-workshops-november/,"Apple today informed developers about a number of new developer activities that are taking place in November, including App Store activities, additional Vision Pro labs, technology consultations, and more.





Apple in September began offering a range of ""Me…","Apple today informed developers about a number of new developer activities that are taking place in November, including App Store activities, additional Vision Pro labs, technology consultations, and… [+969 chars]"
2023-10-12T05:00:22Z,School of Tomorrow exhibition addresses climate crisis in playful classroom setting,Dezeen,Benedict Hobson,https://www.dezeen.com/2023/10/12/school-of-tomorrow-exhibition-kinetic-singapore-design-week/,"Design agency Kinetic Singapore presented projects highlighting issues such as pollution and climate change by creating a fictional school for Singapore Design Week. Titled School of Tomorrow, the exhibition presented projects in a variety of classroom settin…","Design agency Kinetic Singapore presented projects highlighting issues such as pollution and climate change by creating a fictional school for Singapore Design Week. 
Titled School of Tomorrow, the … [+3245 chars]"
2023-10-18T05:24:53Z,Search Central Live Singapore 2023,Google News,,https://developers.google.com/search/blog/2023/10/search-central-live-singapore-2023,"We're excited to announce that
 Search Central Live Singapore
 is coming back this year again on November 22. As usual, the event is hosted by the Google
 Search team and we're looking forward to bringing together the community to learn, share, and 
 network.","Wednesday, October 18, 2023
We're excited to announce that
 Search Central Live Singapore
 is coming back this year again on November 22. As usual, the event is hosted by the Google Search
 team … [+1186 chars]"
2023-10-26T02:31:10Z,"Telcos should compensate phished subscribers, suggests Singapore",Theregister.com,Simon Sharwood,https://www.theregister.com/2023/10/26/singapore_shared_responsibility_phishing_consultation/,"Regulator reckons letting scam texts through is a culpable act
Singapore's government has proposed making telcos compensate their customers if they're phished via text messages that should have been blocked.…","Singapore's government has proposed making telcos compensate their customers if they're phished via text messages that should have been blocked.
The idea of making carriers culpable for crime emerge… [+2595 chars]"
2023-10-20T10:00:19Z,Why Southeast Asia Just Can’t Seem to Cut Off Myanmar’s Junta,Time,Koh Ewe,https://time.com/6326274/asean-myanmar-junta-trade/,"ASEAN countries remain among Myanmar’s top trading partners and arms suppliers, despite repeatedly condemning the military-led violence in Myanmar.","Earlier this month, activists urged Indonesian authorities to investigate potential sales by state-owned arms makers to Myanmar via an alleged shell company owned by the son of a junta minister.
The… [+8232 chars]"
2023-10-19T19:57:08Z,Amazon Alexa Now Supports Apple Podcasts in Over 40 Countries,MacRumors,Joe Rossignol,https://www.macrumors.com/2023/10/19/amazon-alexa-apple-podcasts-40-countries/,"Alexa now natively supports Apple Podcasts on Amazon Echo and Amazon Fire TV devices in over 40 countries following the latest expansion of this integration.





Apple Podcasts for Alexa is now available in Argentina, Australia, Austria, Belgium, Brazil, Can…","Alexa now natively supports Apple Podcasts on Amazon Echo and Amazon Fire TV devices in over 40 countries following the latest expansion of this integration.
Apple Podcasts for Alexa is now availabl… [+1118 chars]"
2023-10-17T20:03:55Z,Apple Expands Vision Pro Test Labs to New York City and Sydney,MacRumors,Juli Clover,https://www.macrumors.com/2023/10/17/apple-vision-pro-lab-new-york-sydney/,"Apple today announced that it is expanding its Vision Pro developer labs to New York City, New York and Sydney, Australia to give developers additional locations where the new headset can be tested with their apps.





Vision Pro developer labs first launche…","Apple today announced that it is expanding its Vision Pro developer labs to New York City, New York and Sydney, Australia to give developers additional locations where the new headset can be tested w… [+1467 chars]"
2023-11-01T11:00:00Z,Aethir wants the decentralized cloud to speed up gaming and AI,VentureBeat,Dean Takahashi,https://venturebeat.com/games/aethir-wants-the-decentralized-cloud-to-speed-up-gaming-and-ai/,Aethir is focusing on decentralization -- of the sort made possible through blockchain and peer-to-peer -- as a way to speed up games and AI.,"GamesBeat Next's on-demand library is now live! Start catching up on the 30+ sessions you might have missed.  Watch Now
The shift to cloud infrastructure has become a massive trend for the internet.… [+1191 chars]"
2023-10-16T14:17:10Z,Trader Joe's sues Trader Joe,Boing Boing,Jason Weisberger,https://boingboing.net/2023/10/16/trader-joes-sues-trader-joe.html,"Trader Joe's is a supermarket in the US known for good quality, lower priced package foods, while Trader Joe is a crypto exchange you've likely never heard of. Trader Joe's is suing to protect its brand, likely because the association with crypto could ruin t…","Trader Joe's is a supermarket in the US known for good quality, lower priced package foods, while Trader Joe is a crypto exchange you've likely never heard of. Trader Joe's is suing to protect its br… [+1120 chars]"
2023-10-24T14:22:55Z,"China removes Li Shangfu as defense minister, who was out of public eye for 2 months",NPR,Emily Feng,https://www.npr.org/2023/10/24/1208187978/china-removes-defense-minister-li-shangfu,"China's leadership has formally dismissed the country's defense minister, Li Shangfu, nearly two months after he disappeared from the public eye — the second minister to be removed recently.","Li Shangfu in Singapore on June 1. He served as China's defense minister this year but Chinese leaders removed him on Tuesday.
Lionel Ng/Bloomberg via Getty Images
China's leadership has formally d… [+2267 chars]"
2023-11-07T11:00:00Z,Aethir launches testnet on Arbitrum for cloud gaming,VentureBeat,Dean Takahashi,https://venturebeat.com/games/aethir-launches-testnet-on-arbitrum-for-cloud-gaming/,"Aethir, a startup focused on decentralized cloud infrastructure (DCI) for games and AI, announced it has launched its testnet on Arbitrum.","GamesBeat Next's on-demand library is now live! Start catching up on the 30+ sessions you might have missed.  Watch Now
Aethir, a startup focused on decentralized cloud infrastructure (DCI) for game… [+1469 chars]"
2023-10-30T21:33:11Z,"Billionaire hedge fund boss Ken Griffin pays for 1,200 staff and family members to visit Disney Tokyo and hear performances by Maroon 5 and Calvin Harris",Business Insider,Sarah Jackson,https://www.businessinsider.com/citadel-ken-griffin-pays-for-1200-staff-visit-disney-tokyo-2023-10,"Citadel founder Ken Griffin, worth $35.4 billion, treated roughly 10,000 staff and family members to a Disney World trip and Coldplay concert in 2022.","Roughly 1,200 Citadel and Citadel Securities employees and family members attended a celebration that included a Disney Tokyo trip and musical performances by Maroon 5 and Calvin Harris.Citadel; Kent… [+2153 chars]"
2023-10-18T10:46:13Z,Governments resent their dependence on Big Tech,Theregister.com,Laura Dobberstein,https://www.theregister.com/2023/10/18/singapore_summit_politicians_big_tech/,"Singapore summit hears how private sector's constant security sins create risk for sovereigns
Senior politicians gathered at Singapore International Cyber Week (SICW) this week to discuss the current state of cybersecurity have articulated their discomfort wi…",Senior politicians gathered at Singapore International Cyber Week (SICW) this week to discuss the current state of cybersecurity have articulated their discomfort with finding themselves dependent on… [+5075 chars]
2023-10-20T13:00:00Z,"Pokémon Sleep helped me catch ’em all — all the z’s, that is",The Verge,Alexis Ong,https://www.theverge.com/23893260/pokemon-sleep-insomnia-app-nintendo-aid,"Pokémon Sleep is part mobile game, part sleep tracking app, and for some people, the cute faces of Pikachu and Snorlax are a useful tool in fighting insomnia.","The mobile app isn’t for everyone, but for one insomniac, Pikachu and Snorlax made a big difference. 


 






function LedeVideo(props) {
return (






{props.credit}


)
}



const containe… [+18787 chars]"
2023-10-31T07:58:28Z,"Australia says it won't bid for the 2034 World Cup, Saudi Arabia likely to host",ABC News,The Associated Press,https://abcnews.go.com/Sports/wireStory/australia-bid-2034-world-cup-saudi-arabia-host-104501942,"Football Australia says it won’t bid for the 2034 World Cup, clearing the way for Saudi Arabia to host the marquee men's tournament","MELBOURNE, Australia -- Football Australia on Tuesday said it wont bid for the 2034 World Cup, clearing the way for Saudi Arabia to host the men's marquee tournament.
The chances of Australia hostin… [+1166 chars]"
2023-10-19T17:45:30Z,YouTube gives news stories a boost with a new watch experience,Android Central,tips@androidcentral.com (Nickolas Diaz),https://www.androidcentral.com/apps-software/youtube-updates-news-viewing-experience,YouTube details a new dedicated news page for stories users can dive into for short-form and long-form content.,<ul><li>YouTube is detailing a new dedicated news page users will soon find on mobile which will show additional stories for a topic in long-form or short-form videos.</li><li>These topics will be ma… [+2759 chars]
2023-10-16T19:15:15Z,The 4 Best Hostels in Singapore,Nomadicmatt.com,NomadicMatt,https://www.nomadicmatt.com/travel-blogs/best-hostels-singapore/,"Posted: 10/16/2023 | October 16th, 2023 Singapore is one of my favorite cities. Home to famous hawker stalls that serve up mouthwatering dishes (including some of the cheapest Michelin-starred meals in the world), Singapore is a bustling, cosmopolitan city-st…","Posted: 10/16/2023 | October 16th, 2023
Singapore is one of my favorite cities. Home to famous hawker stalls that serve up mouthwatering dishes (including some of the cheapest Michelin-starred meals … [+5776 chars]"
2023-11-08T11:00:00Z,How the Koreas’ Race to Launch a Spy Satellite Has Ramifications Beyond the Peninsula,Time,Chad de Guzman,https://time.com/6332806/korea-north-south-spy-satellite-us-russia/,North Korea and South Korea are each working to launch their first homegrown military reconnaissance satellites. Here's what to know about the geopolitics.,"Both North and South Korea have had an action-packed year in space development, from unveiling new rocket designs to testing hypersonic missiles. Now, the rivaling countries are racing to launch thei… [+4245 chars]"
2023-11-07T14:41:00Z,Battery Recycler Among Winners of Prince William’s Earthshot Prize,Time,Siobhan Wagner / Bloomberg,https://time.com/6332319/battery-recycler-prince-williams-earthshot-prize-winners/,A lithium-ion battery recycler and a program to end illegal fishing are among the winners of Prince William’s Earthshot Prize.,"A lithium-ion battery recycler and a program to end illegal fishing are among the winners of Prince Williams Earthshot Prize, which supports companies tackling the environmental crisis.
The five cha… [+2296 chars]"
2023-11-07T12:28:10Z,Overheating datacenter stopped 2.5 million bank transactions,Theregister.com,Laura Dobberstein,https://www.theregister.com/2023/11/07/overheating_datacenter_singapore/,"Running infrastructure in the tropics has its challenges – but so do failed disaster recovery plans
Outages at two banks that stopped 2.5 million payment transactions were sparked by a technical issue with the datacenter's cooling system, according to the Mon…","Outages at two banks that stopped 2.5 million payment transactions were sparked by a technical issue with the datacenter's cooling system, according to the Monetary Authority of Singapore (MAS) on Mo… [+3300 chars]"
2023-11-02T17:06:09Z,Singapore's coasts are historically more resilient against sea-level rise than previously thought,Phys.Org,Joseph Gan,https://phys.org/news/2023-11-singapore-coasts-historically-resilient-sea-level.html,"During the Holocene epoch, which began around 11,700 years ago, coastlines globally retreated due to thousands of years of rising sea levels. However, a team of researchers at Nanyang Technological University, Singapore (NTU Singapore) found this was not true…","During the Holocene epoch, which began around 11,700 years ago, coastlines globally retreated due to thousands of years of rising sea levels. However, a team of researchers at Nanyang Technological U… [+6422 chars]"
2023-10-31T16:31:45Z,The Legend of the Singapore Stone,Neatorama.com,Exuperist,https://www.neatorama.com/2023/10/31/The-Legend-of-the-Singapore-Stone/,"Before Singapore became the bustling economic epicenter of Southeast Asia, it was just like everybody else in the region, until the British came and renovated the whole place, and much later, Lee Kuan Yew turned it into what it is today. However, when Sir Sta…","Before Singapore became the bustling economic epicenter of Southeast Asia, it was just like everybody else in the region, until the British came and renovated the whole place, and much later, Lee Kua… [+945 chars]"
2023-11-07T07:40:42Z,Redditor Stumbles Upon 'Pizza Fungus' in Singapore,Neatorama.com,Exuperist,https://www.neatorama.com/2023/11/06/Redditor-Stumbles-Upon-Pizza-Fungus-in-Singapore/,"Fungi can appear in different shapes and sizes, and you'll just be surprised what you might find growing underneath a tree as you walk through the garden, or so that's what redditor QualitativeEconomy happened upon while they were at Woodlands in Singapore. T…","Fungi can appear in different shapes and sizes, and you'll just be surprised what you might find growing underneath a tree as you walk through the garden, or so that's what redditor QualitativeEconom… [+1135 chars]"
2023-10-20T01:29:09Z,Indian authorities raid fake tech support rings after tipoff from Amazon and Microsoft,Theregister.com,Simon Sharwood,https://www.theregister.com/2023/10/20/india_tech_supoprt_scam_raids/,"Also went after crypto-crooks who sought money to buy miners for fake token
Acting on information from Microsoft and Amazon, India's Central Bureau of Investigation (CBI) has raided alleged fake tech support operators and other tech-related crims across the c…","Acting on information from Microsoft and Amazon, India's Central Bureau of Investigation (CBI) has raided alleged fake tech support operators and other tech-related crims across the country.
The Bur… [+2928 chars]"
2023-10-29T11:00:00Z,"How to Watch Apple's 'Scary Fast' Event on October 30 (or 31, Depending Where You Are)",MacRumors,Tim Hardwick,https://www.macrumors.com/how-to/watch-apple-scary-fast-event-oct-30/,"Apple is hosting an online streaming event for the public and press on Monday, October 30, 2023 at 5:00 p.m. Pacific Time. The company is expected to announce new Macs, and potentially other products during the event, dubbed ""Scary Fast."" Here's how you can w…","Apple is hosting an online streaming event for the public and press on Monday, October 30, 2023 at 5:00 p.m. Pacific Time. The company is expected to announce new Macs, and potentially other products… [+4097 chars]"
2023-11-03T03:16:02Z,27 People Who Didn't Realize They Were Pregnant Until Months And Months In — Or Even As They Were Giving Birth,Buzzfeed,Hannah Marder,https://www.buzzfeed.com/hannahmarder/27-i-didnt-know-i-was-pregnant-stories-that-are-low-key-my,"""They checked and measured, and I was due in seven weeks! I wasn't sure if I had wanted to be a mom ever, let alone in seven weeks.""View Entire Post ›","""So I join my next ship, determined to just forget this guy. One day, my stomach felt weird. Something was swollen. Pregnancy was a small thought but I was certain that could never happen to me, I wa… [+1478 chars]"
2023-10-27T05:16:07Z,"Li Keqiang, a former premier of China who was marginalized by Xi Jinping, has died",NPR,John Ruwitch,https://www.npr.org/2023/10/27/1208913916/li-keqiang-former-premier-china-dies,"Li was groomed for leadership, and was seen at one point as a contender for China's top job, only to be pushed aside as Xi Jinping ascended.","Chinese Premier Li Keqiang is shown speaking during a reception at the Great Hall of the People on the eve of China's National Day in Beijing on September 30, 2022.
Noel Celis/AFP via Getty Images
… [+4644 chars]"
2023-11-06T15:57:13Z,Apple's latest Chinese store adopts Apple Tysons redesign,AppleInsider,news@appleinsider.com (William Gallagher),https://appleinsider.com/articles/23/11/06/apples-latest-chinese-store-adopts-apple-tysons-redesign,"Apple MixC Wenzhou in China has opened and demonstrates just how the company's finely-honed retail operation is, with its interior practically indistinguishable from Apple Tysons Corner in the US.Tysons Corner was the first-ever Apple Store in 2001, and a rev…","Inside the new Apple MixC Wenzhou (Source: Apple)
Apple MixC Wenzhou in China has opened and demonstrates just how the company's finely-honed retail operation is, with its interior practically indis… [+2187 chars]"
2023-10-19T23:45:45Z,Apple Podcasts integration with Amazon Alexa now available in more countries,9to5Mac,Filipe Espósito,https://9to5mac.com/2023/10/19/apple-podcasts-amazon-alexa/,Apple partnered with Amazon in 2019 to bring Apple Podcasts support to Amazon Echo devices through the Alexa virtual assistant. This allowed users to ask the assistant to play any of the shows available on Apple’s platform. While this integration was only ava…,Apple partnered with Amazon in 2019 to bring Apple Podcasts support to Amazon Echo devices through the Alexa virtual assistant. This allowed users to ask the assistant to play any of the shows availa… [+1202 chars]
2023-10-17T19:38:04Z,Apple expands Vision Pro developer labs to two new cities,9to5Mac,Chance Miller,https://9to5mac.com/2023/10/17/apple-expands-vision-pro-developer-labs-to-two-new-cities/,"Apple is expanding the availability of its Vision Pro developer labs to two additional cities. Starting today, developers looking to test their apps on Vision Pro can request to attend labs in New York City and Sydney. 



 more…","Apple is expanding the availability of its Vision Pro developer labs to two additional cities. Starting today, developers looking to test their apps on Vision Pro can request to attend labs in New Yo… [+1208 chars]"
2023-10-19T08:57:05Z,OPPO's Find N3 and Find N3 Flip are taking on Samsung's foldables worldwide,Android Central,techkritiko@gmail.com (Jay Bonggolto),https://www.androidcentral.com/phones/oppo-find-n3-and-n3-flip-global-launch,"Hot on the heels of Samsung's global launch of the Galaxy Z Fold 5 and Z Flip 5, Oppo has officially unveiled the Find N3 and introduced the Find N3 internationally.","What you need to know
<ul><li>Oppo's latest book-style foldable smartphone, the Find N3, features a smaller and tougher third-generation Flexion Hinge, and is powered by Qualcomm's Snapdragon 8 Gen … [+4379 chars]"
2023-10-11T15:04:34Z,Australia in talks with Indonesia about a possible challenge to Saudi Arabia for the 2034 World Cup,ABC News,The Associated Press,https://abcnews.go.com/Sports/wireStory/australia-talks-indonesia-challenge-saudi-arabia-2034-world-103891741,Soccer officials in Australia and Indonesia have floated the idea of teaming up in a bid to rival Saudi Arabia for the hosting rights to the men’s World Cup in 2034,"SYDNEY, Australia -- Soccer officials in Australia and Indonesia have floated the idea of teaming up in a bid to rival Saudi Arabia for the hosting rights to the mens World Cup in 2034.
The Sydney M… [+2261 chars]"
2023-11-08T08:00:00Z,Experts Expose Farnetwork's Ransomware-as-a-Service Business Model,Internet,info@thehackernews.com (The Hacker News),https://thehackernews.com/2023/11/experts-expose-farnetworks-ransomware.html,"Cybersecurity researchers have unmasked a prolific threat actor known as farnetwork, who has been linked to five different ransomware-as-a-service (RaaS) programs over the past four years in various capacities.
Singapore-headquartered Group-IB, which attempte…","Cybersecurity researchers have unmasked a prolific threat actor known as farnetwork, who has been linked to five different ransomware-as-a-service (RaaS) programs over the past four years in various … [+2666 chars]"
2023-11-03T13:55:32Z,Singapore hotel vertically stacks lush greenery filled terraces,New Atlas,Adam Williams,https://newatlas.com/architecture/pan-pacific-orchard-woha/,"Singapore is often referred to as the Garden City – and with good reason. The city state is packed with parks and greenery covered buildings, including the impressive Eden and CapitaSpring. Former World Building of the Year winner WOHA has now added to the lu…","Singapore is often referred to as the Garden City and with good reason. The city state is packed with parks and greenery covered buildings, including the impressive Eden and CapitaSpring. Former Worl… [+2204 chars]"
2023-10-16T17:38:29Z,The Huntsman family says it's cutting off its mega-donations to University of Pennsylvania over 'antisemitism',Business Insider,Madeline Berg,https://www.businessinsider.com/jon-huntsman-family-stops-donations-penn-university-antisemitism-israel-response-2023-10,Jon Huntsman Jr.'s letter to Penn is the latest sign of growing friction between elite colleges and their rich alumni over Hamas' terrorist attacks.,"Jon Huntsman Jr. announced his family is halting donations to the University of Pennsylvania due to its response to Hamas' terrorist attacks on Israel.Alex Wong/Getty Images; Getty Creative
<ul>
<li… [+4587 chars]"
2023-10-15T11:03:39Z,Esports made their 'tense and exciting' debut at this year's Asian Games,Business Insider,Polly Thompson,https://www.businessinsider.com/esports-asian-games-debut-video-game-medals-2023-10,"The event saw competitors battle it out for gold, silver and bronze medals on games including League of Legends (LoL) and DOTA 2.","Team South Korea played Team China R in the League of Legends semifinal at the Asian Games in Hangzhou, China. Adek Berry/Getty Images
<ul><li>Esports, or professional video gaming, were an official… [+5111 chars]"
2023-11-06T04:45:38Z,This digital waterfall at Singapore’s Changi Airport will blow your mind,Digital Trends,Trevor Mogg,https://www.digitaltrends.com/news/singapores-changi-airport-unveils-stunning-digital-features/,"Singapore's Changi Airport has opened a dramatic revamp of one of its terminals, with a giant digital waterfall taking center stage.","Experience the magic of T2
Singapore’s Changi Airport won a prominent Best Airport award earlier this year, and that was even before it unveiled its dramatic revamp of Terminal 2.
The all-new facil… [+2386 chars]"
2023-11-02T03:04:01Z,"Galaxy S23 FE discounted by $110 in Australia, Singapore gets Samsung and Oppo foldables",GSMArena.com,Peter,https://www.gsmarena.com/weekly_deals_the_best_smartphone_deals_from_australia_and_singapore-news-60437.php,"We scour the web for good deals (almost) every week and we share them over the weekend of your perusal. However, we have heard your complaints that we don’t cover enough countries, so let’s try two new ones – Australia and Singapore. If there’s enough interes…","We scour the web for good deals (almost) every week and we share them over the weekend of your perusal. However, we have heard your complaints that we dont cover enough countries, so lets try two new… [+7983 chars]"
2023-10-24T13:27:08Z,Li Shangfu: China ousts defence minister,BBC News,https://www.facebook.com/bbcnews,https://www.bbc.co.uk/news/world-asia-china-67207353,The defence minister has been officially removed after not being seen in public since August.,"China has officially sacked its defence minister Li Shangfu, two months after he disappeared from public life.
No explanation has been given for his removal, nor has a replacement been announced for… [+2068 chars]"
2023-10-17T12:50:49Z,The High Road: TUMI | McLaren Makes A Pit Stop For F1’s Singapore Grand Prix,Highsnobiety,,https://www.highsnobiety.com/p/the-high-road-tumi-mclaren-singapore/,Precision. Performance. Efficiency. A triad of elements that breed excellence when joined together in harmony–– a status few ever reach. Returning for the seco…,"Precision. Performance. Efficiency. A triad of elements that breed excellence when joined together in harmony a status few ever reach. Returning for the second stop in our High Road series with TUMI,… [+2840 chars]"
2023-10-27T07:00:00Z,Indonesia’s President Joko Widodo Once Symbolized Democratic Hope—His Plan for a New Capital Represents a Darker Legacy,Time,Koh Ewe,https://time.com/6329063/indonesia-nusantara-jokowi-democratic-decline/,"President Jokowi once symbolized hope for Indonesia’s democracy. A decade later, his legacy—embodied by his capstone project to replace Jakarta with Nusantara—may represent a darker turn.","When Joko Widodo, popularly as Jokowi, was sworn in as Indonesias seventh President in 2014, optimism surrounding the state of democracy in the country seemed at its peak. At a time when dynasties tr… [+10676 chars]"
2023-10-16T08:20:08Z,MAS Gives Initial Approval for Upbit to Operate in Singapore,Biztoc.com,coinspeaker.com,https://biztoc.com/x/7a282db8a79bd91a,"Coinspeaker MAS Gives Initial Approval for Upbit to Operate in Singapore Upbit, South Korea’s largest exchange in terms of volume, has achieved in-principle approval for a Major Payment Institution (MPI) license in Singapore through its Singapore entity. On O…","CoinspeakerMAS Gives Initial Approval for Upbit to Operate in SingaporeUpbit, South Koreas largest exchange in terms of volume, has achieved in-principle approval for a Major Payment Institution (MPI… [+286 chars]"
2023-10-24T15:36:45Z,"China's massive navy is only getting bigger, and the US is looking overseas for help keeping its warships in action",Business Insider,Christopher Woody,https://www.businessinsider.com/us-looks-overseas-for-warship-repairs-amid-shipyard-delays-2023-10,"""We need more ships. We need more repair yards,"" Rep. Mike Gallagher told Insider. ""It's all hands on deck within the free world right now.""","Fujian, the third third aircraft carrier China has added in 10 years, at a Shanghai shipyard in June 2022.Li Tang/VCG via Getty Images
<ul>
<li>For years, the US Navy has struggled to complete repai… [+7439 chars]"
2023-10-22T10:38:01Z,California just legalized affordable housing in church parking lots and coastal cities — and it could help solve the state's crisis,Business Insider,Eliza Relman,https://www.businessinsider.com/california-apartment-rent-housing-shortage-crisis-solution-laws-prices-decline-2023-10,Pro-housing advocates are celebrating new housing laws addressing burdensome environmental regulations and opening up land for affordable homes.,"San Francisco Mayor London Breed celebrated new laws limiting the role of environmental regulations in restricting housing development.Avila Gonzalez/Getty Images
<ul>
<li>California Gov. Gavin News… [+7670 chars]"
2023-10-27T15:58:14Z,"Sight, hearing, smell, taste, touch — could generative AI soon be added to our list of senses?",Business Insider,Sponsor Post,https://www.businessinsider.com/sc/could-generative-ai-soon-be-added-to-our-list-of-senses,Generative AI could soon become such an unconscious enhancement of people's everyday lives that it functions like a seventh sense.,"Getty Images
<ul>
<li>Generative AI has the power to transform most industries, including travel and retail.</li>
<li>This will simplify and enhance people's everyday experiences like travel plannin… [+6983 chars]"
2023-10-17T11:35:44Z,The Pixel Watch 2 convinced me never to buy a first-gen product,Android Central,derrek.lee@futurenet.com (Derrek Lee),https://www.androidcentral.com/wearables/google-pixel-watch-2-case-against-first-gen-products,"The Google Pixel Watch 2 offers a more comprehensive smartwatch experience, one we should've gotten on the original Pixel Watch.","In my line of work, I often hear people say that they won't buy a first-generation product from a company, and I would usually roll my eyes at that kind of statement. 
After all, I love the idea of … [+6752 chars]"
2023-10-12T09:15:08Z,"Singapore's biggest tech hopes, Grab, Sea, and Razer, have stumbled, which may show why VCs were premature in calling Singapore the ""Silicon Valley of Asia"" (Yoolim Lee/Bloomberg)",Techmeme.com,,https://www.techmeme.com/231012/p8,"Yoolim Lee / Bloomberg:
Singapore's biggest tech hopes, Grab, Sea, and Razer, have stumbled, which may show why VCs were premature in calling Singapore the “Silicon Valley of Asia”  —  The rough journey of an Uber-like ride-hailing company helps explain why t…","About This Page
This is a Techmeme archive page.
It shows how the site appeared at 5:20 AM ET, October 12, 2023.
The most current version of the site as always is available at our home page.
To v… [+164 chars]"
2023-10-19T09:34:01Z,The Oppo Find N3 Flip and Oppo Pad 2 go global,GSMArena.com,Ivan,https://www.gsmarena.com/the_oppo_find_n3_flip_and_oppo_pad_2_go_global-news-60286.php,"Oppo took the stage to unveil the Find N3 Flip and Oppo Pad 2 to the global market at a formidable event in Singapore that lasted nearly 2 hours.

But while the event talked a lot about the devices on stage, Oppo shared painstakingly little about their specif…","Oppo took the stage to unveil the Find N3 Flip and Oppo Pad 2 to the global market at a formidable event in Singapore that lasted nearly 2 hours.
But while the event talked a lot about the devices o… [+723 chars]"
2023-10-17T20:38:57Z,Apple Vision Pro labs coming to New York City and Sydney in November,AppleInsider,news@appleinsider.com (Wesley Hilliard),https://appleinsider.com/articles/23/10/17/apple-vision-pro-labs-coming-to-new-york-city-and-sydney-in-november,"Apple has expanded its Apple Vision Pro developer labs to two more cities, New York City and Sydney, beginning in November.Apple Vision ProDevelopers that can't get access to developer kits can still get hands-on time with Apple Vision Pro labs. However, deve…","Apple Vision Pro
Apple has expanded its Apple Vision Pro developer labs to two more cities, New York City and Sydney, beginning in November.
Developers that can't get access to developer kits can s… [+1423 chars]"
2023-10-13T15:49:06Z,"Assessing 'readiness' by tracking fluctuations in daily sleep duration and their effects on daily mood, motivation, and sleepiness",Science Daily,,https://www.sciencedaily.com/releases/2023/10/231013114906.htm,"Self-reported sleepiness relates to poorer performance in tasks requiring vigilance, such as driving and has also been associated with reduced motivation to engage in social or physical activities. Better mood can result in more productive behavior, better jo…","A good night's sleep prepares us for the next day. Conversely, inadequate sleep diminishes performance in tasks requiring attention, memory, and executive functions that have real world consequences.… [+3324 chars]"
2023-11-01T10:51:09Z,Singapore experiences highest ever October temperature of 36.3°C,CNA,,https://www.channelnewsasia.com/singapore/singapore-highest-october-temperature-weather-met-service-thundery-showers-november-3888781,"SINGAPORE: Singapore experienced its hottest-ever October day on Oct 9, the Meteorological Service Singapore said on Wednesday (Nov 1). Temperatures exceeded 35 degrees in se","Below-average rainfall was also recorded across Singapore in October, with the highest anomaly of 72 per cent below average recorded at Yio Chu Kang, said the Met Service.
More showers were recorded… [+1602 chars]"
2023-10-29T06:18:37Z,Indian students’ overseas spending on education to hit $70 billion a year by 2025: Indian Student Mobility Report 2023,The Indian Express,Education Desk,https://indianexpress.com/article/education/indian-students-overseas-spending-on-education-to-hit-70-billion-a-year-by-2025-indian-student-mobility-report-2023-9003410/,"The report highlighted that recently other countries including Germany, Kyrgyzstan, Ireland, Singapore, Russia, Philippines, France, and New Zealand have also emerged as preferred destinations for studying abroad.","Even though the number of Indian students opting for higher education overseas grows annually, their abroad spending is set to hit $70 billion by 2025, the latest Indian Student Mobility Report 2023 … [+2216 chars]"
2023-11-01T11:18:23Z,Aethir Joins NVIDIA Inception Program,Biztoc.com,cryptodaily.co.uk,https://biztoc.com/x/b34131f00494dc1f,"Singapore, Singapore, November 1st, 2023, Chainwire Aethir, a pioneer in Decentralized Cloud Infrastructure (DCI) for gaming and AI, today announced it has joined NVIDIA Inception, a program that nurtures startups revolutionising industries with technological…","Singapore, Singapore, November 1st, 2023, ChainwireAethir, a pioneer in Decentralized Cloud Infrastructure (DCI) for gaming and AI, today announced it has joined NVIDIA Inception, a program that nurt… [+307 chars]"
2023-11-03T17:20:21Z,Software Outsourcing Companies In India,ReadWrite,Jigar Agrawal,https://readwrite.com/top-10-software-outsourcing-companies-in-india/,"The software outsourcing sector in India is flourishing, offering organizations low-cost solutions. In this article, we’ll look at the top […]
The post Software Outsourcing Companies In India appeared first on ReadWrite.","The software outsourcing sector in India is flourishing, offering organizations low-cost solutions. In this article, we’ll look at the top 10 Indian software outsourcing firms of 2023. These firms ar… [+8969 chars]"
2023-11-05T07:44:52Z,Singapore’s Lee Hsien Loong says he will step down as early as next year,Al Jazeera English,Al Jazeera,https://www.aljazeera.com/news/2023/11/5/singapores-lee-hsien-loong-says-he-will-step-down-as-early-as-next-year,Singaporean leader says he will hand the reins to deputy Lawrence Wong as soon as November 2024.,"Singapore Prime Minister Lee Hsien Loong has announced he will hand over the leadership of the ruling Peoples Action Party (PAP) before the 2025 general elections.
Lee, 71, said on Sunday that he wo… [+1650 chars]"
2023-10-31T14:41:18Z,Why The Next Blockbuster Therapy May Come Out Of Singapore,Forbes,"Juergen Eckhardt, Contributor, 
 Juergen Eckhardt, Contributor
 https://www.forbes.com/sites/juergeneckhardt/",https://www.forbes.com/sites/juergeneckhardt/2023/10/31/why-the-next-blockbuster-therapy-may-come-out-of-singapore/,"Singapore's recruitment of talent, billions in investment, top universities, and attraction of venture capital makes it an exciting emerging hub for biotech innovation.","Skyscrapers lit up at night in Singapore City, Singapore (Photo by DEA / M. BORCHI/De Agostini via ... [+] Getty Images)
De Agostini via Getty Images
Back in 2000, the government of Singapore annou… [+6170 chars]"
2023-10-15T13:45:31Z,Is Crazy Rich Asians 2 Still Happening With The Original Cast And Director Jon M. Chu?,/FILM,staff@slashfilm.com (Witney Seibold),https://www.slashfilm.com/1418359/crazy-rich-asians-is-it-happening/,"Crazy Rich Asians was a critical, commercial, and audience success when it premiered in 2018. So what are the plans for John M. Chu&amp;#39;s long-awaited sequel?","Jon M. Chu's 2018 romantic comedy ""Crazy Rich Asians"" based on the novel by Kevin Kwan was a massive, massive hit. Made for only $30 million, Chu's lightweight puffball grossed $239 million worldwide… [+1513 chars]"
2023-10-31T12:06:43Z,Why Saudi Arabia Is Set to Host the 2034 FIFA World Cup,Time,Graham Dunbar / AP,https://time.com/6330112/saudi-arabia-likely-fifa-world-cup-host-2034/,Saudi Arabia is all but certain to host the tournament after the Australian soccer federation declined to enter the bidding contest.,"GENEVA Saudi Arabia is all but certain to host the men's 2034 World Cup after the Australian soccer federation declined to enter the bidding contest.
FIFA had set a Tuesday deadline to submit a bid … [+4382 chars]"
2023-10-25T14:53:20Z,Government Policy Pivot Leans Into The Global Macro Headwind,Forbes,"Brendan Ahern, Senior Contributor, 
 Brendan Ahern, Senior Contributor
 https://www.forbes.com/sites/brendanahern/",https://www.forbes.com/sites/brendanahern/2023/10/25/government-policy-pivot-leans-into-the-global-macro-headwind/,"Asian equities were largely higher except for South Korea, India, and Singapore.","CLN
KraneShares
Key News
Asian equities were largely higher except for South Korea, India, and Singapore.
Mainland China and Hong Kong both opened higher following yesterdays strong performance i… [+5203 chars]"
2023-10-16T08:28:09Z,Upbit Receives Preliminary Approval From Singapore Regulator,Biztoc.com,cryptodaily.co.uk,https://biztoc.com/x/f13f0372edada06f,Cryptocurrency exchange Upbit has revealed it has received ‘in-principle’ approval from the Monetary Authority of Singapore to offer users digital asset services. The approval allows Upbit Singapore to continue offering regulated digital payment token service…,Cryptocurrency exchange Upbit has revealed it has received in-principle approval from the Monetary Authority of Singapore to offer users digital asset services. The approval allows Upbit Singapore to… [+316 chars]
2023-10-23T16:26:46Z,"Photographer Tells Couple He’s Lost Wedding Photos, Then Disappears",PetaPixel,Matt Growcoot,https://petapixel.com/2023/10/23/photographer-tells-couple-hes-lost-wedding-photos-then-disappears/,"A photographer who messaged a couple to say that his ""storage system crashed"" and the photos were lost later disappeared.
[Read More]","A photographer who messaged a couple to say that his “storage system crashed” and the photos were lost later disappeared. 
Alvin Yap of Mellow Pictures in Singapore texted the couple almost three mo… [+2075 chars]"
2023-10-17T08:15:44Z,"Non-Search Engine Online Ad Options To Target Asia via @sejournal, @motokohunt",Search Engine Journal,Motoko Hunt,https://www.searchenginejournal.com/non-search-engine-online-ad-options-to-target-asia/496496/,"Maximize your advertising budgets, reaching new audiences and boosting brand awareness strategically throughout Asia with this international guide.
The post Non-Search Engine Online Ad Options To Target Asia appeared first on Search Engine Journal.","The Asian market is growing.
Aside from the usual suspects, such as China, Japan, and South Korea, other Asian countries have grown their online presence in recent years.
Many other countries, incl… [+5972 chars]"
2023-11-03T17:44:34Z,11% of the world’s billionaires have held or sought political office,Northwestern.edu,,https://news.northwestern.edu/stories/2023/10/11-of-the-worlds-billionaires-have-held-or-sought-political-office/,Northwestern study the first systematic and global look at rate of formal political involvement of the billionaire class,"More than a tenth of the worlds billionaires have held or sought political office, according to a new study in Perspectives on Politics.
Northwestern University researchers analysed the political pa… [+3587 chars]"
2023-11-10T21:20:29Z,WOHA’s Greentech Garden Hotel In Singapore: A Nature-Integrated Marvel,Ubergizmo,Paulo Montenegro,https://www.ubergizmo.com/2023/11/wohas-garden-hotel/,"WOHA, an architecture studio, has designed the Pan Pacific Orchard Hotel in Singapore, aiming to create a “garden hotel” that integrates nature into its structure. The hotel features garden terraces with different themes – beach, garden, and cloud – cut into …","WOHA, an architecture studio, has designed the Pan Pacific Orchard Hotel in Singapore, aiming to create a “garden hotel” that integrates nature into its structure. The hotel featuresgarden terraces w… [+2445 chars]"
2023-10-28T09:00:05Z,Formula 1 Racing 2023: How to Watch and Livestream the Mexico GP - CNET,CNET,Sarah Lord,https://www.cnet.com/tech/services-and-software/formula-1-racing-2023-how-to-watch-and-livestream-the-mexico-gp/,"Max Verstappen might've wrapped up the championship several weeks ago, but that doesn't mean there aren't going to be battles up and down the grid in Mexico City this weekend.","Formula 1 is heading to Mexico City after a thrilling United States Grand Prix. Unsurprisingly, Max Verstappen took first place, even after a qualifying session that saw him starting the race from si… [+9393 chars]"
2023-11-01T11:18:20Z,Sapporo and Carlsberg team up in Singapore and Malaysia,Biztoc.com,asia.nikkei.com,https://biztoc.com/x/34537e867662a10d,TOKYO -- Sapporo Breweries in January will start placing a big bet on three Asian markets by teaming up with Danish beer giant Carlsberg Group to sell its Sapporo Premium and Yebisu brands. The target is to annually sell the equivalent of 1.5 million cases of…,TOKYO -- Sapporo Breweries in January will start placing a big bet on three Asian markets by teaming up with Danish beer giant Carlsberg Group to sell its Sapporo Premium and Yebisu brands.The target… [+309 chars]
2023-10-26T23:15:05Z,"These futuristic Nestron tiny homes can be plopped anywhere, starting at $42k",Yanko Design,Gabriel Moss,https://www.yankodesign.com/2023/10/26/these-futuristic-nestron-tiny-homes-can-be-plopped-anywhere-starting-at-42k/,"These futuristic Nestron tiny homes can be plopped anywhere, starting at $42kThe housing market isn’t in great shape right now, especially if you live in the United States — where home prices have stayed high in...","The housing market isn’t in great shape right now, especially if you live in the United States where home prices have stayed high in spite of relatively high interest rates. Other modern stresses, in… [+2380 chars]"
2023-10-29T04:40:55Z,"As Singapore commemorates LKY100, remember what his generation of leaders stood for: PM Lee",CNA,,https://www.channelnewsasia.com/singapore/lky100-greening-singapore-commemoration-ceremony-pm-lee-3880126,"PM Lee was speaking at the LKY100 The Greening of Singapore commemoration ceremony, which commemorated the late Mr Lee Kuan Yew's vision of a green and clean Singapore.","SINGAPORE: Prime Minister Lee Hsien Loong on Sunday (Oct 29) urged Singapore to remember what the late Mr Lee Kuan Yew and his generation stood for, as the country marked his 100th birthday. 
He was… [+2266 chars]"
2023-10-24T08:04:29Z,"Rolling out in Singapore, world’s first multilingual brain game for fending off dementia",Trendwatching.com,Liesbeth den Toom,https://www.trendwatching.com/innovation-of-the-day/rolling-out-in-singapore-worlds-first-multilingual-brain-game-for-fending-off-dementia,"A new app called Ami uses multilingualism to boost cognitive abilities in seniors, positioning it as a non-pharmacological intervention against dementia.","Developed by Associate Professor Yow Wei Quin and her team at Singapore University of Technology and Design (SUTD), Ami is an app aiming to boost cognitive function in seniors, focusing on those with… [+964 chars]"
2023-10-12T06:05:59Z,OnePlus Open doppelganger OPPO Find N3 now has a launch date,Android Authority,Adamya Sharma,https://www.androidauthority.com/oppo-find-n3-oneplus-open-launch-date-3375164/,OPPO will announce the Find N3 on October 19. It's confirmed to be the same phone as the OnePlus Open. Here are the details.,"<ul><li>OPPO has announced the global launch date for the Find N3 series.</li><li>The Find N3 Flip has already launched in China, but the Find N3 will be unveiled for the first time on October 19.</l… [+1109 chars]"
2023-10-17T14:26:40Z,TIME Launches FAST Channel on Amazon Freevee in Latest Push into New Platforms and Audience Growth,Time,TIME PR,https://time.com/6324650/time-launches-fast-channel-on-amazon-freevee/,"Powered by TIME’s Premium Digital Video Division, TIME’s FAST Channel Will Debut on October 17 Today, the global media brand TIME announced the launch of its FAST channel on Amazon Freevee in its latest expansion into new video platforms.  Powered by TIME’s t…","Powered by TIMEs Premium Digital Video Division, TIMEs FAST Channel Will Debut on October 17 
Today, the global media brand TIME announced the launch of its FAST channel on Amazon Freevee in its lat… [+5936 chars]"
2023-10-13T02:30:00Z,AI’s Biggest Question,Forbes,"Rich Karlgaard, Forbes Staff, 
 Rich Karlgaard, Forbes Staff
 https://www.forbes.com/sites/richkarlgaard/",https://www.forbes.com/sites/richkarlgaard/2023/10/12/ais-biggest-question/,The final panel at Forbes Global CEO Conference in Singapore discussed what generative AI today will mean for organizations tomorrow.,"(From left) Antoine Blondeau, Meng Ru Kuok, Rohan Narayana Murty, Eduardo Saverin and Rich ... [+] Karlgaard.
Forbes Asia
Does Generative AI represent an evolutionary next step in a 70-year-old ide… [+3380 chars]"
2023-10-11T01:30:00Z,Billionaire Peter Lim’s Thomson Medical Aims To Spread Wings Across Southeast Asia,Forbes,"Jonathan Burgos, Forbes Staff, 
 Jonathan Burgos, Forbes Staff
 https://www.forbes.com/sites/jonathanburgos/",https://www.forbes.com/sites/jonathanburgos/2023/10/10/billionaire-peter-lims-thomson-medical-aims-to-spread-wings-across-southeast-asia/,Son Kiat Lim takes lead in expanding overseas as Singapore-based healthcare company seeks to take over Vietnam’s FV Hospital.,"A deal by next generation scion Kiat Lim promises to be transformative for the familys Thomson Medical Groupexpanding it from Singapore and Malaysia into a more regional company. In July, the company… [+11933 chars]"
2023-10-20T21:00:01Z,Map Shows Local Versions of The Boogeyman From Around the World,Mental Floss,Michele Debczak,https://www.mentalfloss.com/posts/boogeymen-around-the-world-map,"From Kelpie to Krampus, get to know these boogeymen (and boogeywomen) from different countries.",The term boogeyman or bogeyman originated in England centuries ago and comes from the Middle English word for frightening spectre. Our idea of the character hasnt gotten any more specific over the ye… [+1715 chars]
2023-10-15T03:50:33Z,"Death of Indian-origin student-athlete not linked to Covid vaccinations, says Singapore govt",The Indian Express,PTI,https://indianexpress.com/article/world/singapore-death-indian-origin-student-athlete-covid-vaccinations-8983614/,"On Saturday afternoon, the school revealed that the cause of death was cardiac arrest with antecedent cause of congenital malformation of coronary vessels.",The Ministry of Health (MOH) has dismissed speculations that the death of a 14-year-old Indian-origin student at a premier Singapore Sports School student earlier this week is linked to COVID-19 vacc… [+1932 chars]
2023-10-27T15:27:53Z,"The Command & Control Of China’s Stock Market, Week In Review",Forbes,"Brendan Ahern, Senior Contributor, 
 Brendan Ahern, Senior Contributor
 https://www.forbes.com/sites/brendanahern/",https://www.forbes.com/sites/brendanahern/2023/10/27/the-command--control-of-chinas-stock-market-week-in-review/,Asian equities ended the week on a positive note as Hong Kong and Mainland China outperformed while the Philippines and Singapore underperformed.,"CLN
KraneShares
Week in Review
<ul><li>Hong Kong and Mainland China were the only markets to end the week in positive territory as the rest of Asia traded lower.</li><li>Central Huijin, an investm… [+6506 chars]"
2023-10-13T09:23:28Z,Apple Maps Redesign Expands to Denmark and Greece,MacRumors,Tim Hardwick,https://www.macrumors.com/2023/10/13/apple-maps-redesign-expands-denmark-greece/,"Apple today announced that its revamped Maps app is rolling out in Denmark and Greece.





The new experience provides more detail, improved navigation, custom-designed 3D models of popular landmarks, immersive turn-by-turn walking directions powered by augm…","Apple today announced that its revamped Maps app is rolling out in Denmark and Greece.
The new experience provides more detail, improved navigation, custom-designed 3D models of popular landmarks, i… [+745 chars]"
2023-11-08T05:58:05Z,"Billionaire Kwek Leng Beng’s CDL, Partners Submit Top Bid Of $715 Million For Singapore Housing Site",Biztoc.com,forbes.com,https://biztoc.com/x/f0ccaf04392b7452,controlled by billionaire Kwek Leng Beng—and its joint venture partners submitted the top bid of S$968 million ($715 million) for a residential site in the north central Singapore district of Toa Payoh as the developer replenishes its landbank to tap into res…,controlled by billionaire Kwek Leng Bengand its joint venture partners submitted the top bid of S$968 million ($715 million) for a residential site in the north central Singapore district of Toa Payo… [+304 chars]
2023-11-08T10:35:55Z,The Intelligence: Asia’s transnational crime gangs,Biztoc.com,shows.acast.com,https://biztoc.com/x/c1671728346eb470,"A high-profile money-laundering case in Singapore with links to Chinese gamblers has shed light on a broader web of organised crime across the region. As governments wake up to the problem, what are the odds of them getting it under control? Muhamad Dahlan, o…","A high-profile money-laundering case in Singapore with links to Chinese gamblers has shed light on a broader web of organised crime across the region. As governments wake up to the problem, what are … [+277 chars]"
2023-10-31T10:06:10Z,All About You: Woman-Led Fintech Startup YouTrip Raises $50 Million From Lightspeed,Biztoc.com,forbes.com,https://biztoc.com/x/31bed08fcb66e2cd,"ith the goal of being a “first mover” in Southeast Asia’s burgeoning financial technology scene, Caecilia Chu traveled from China to Singapore to launch YouTrip, a multicurrency wallet, in 2018. To the former McKinsey consultant, building trust among customer…","ith the goal of being a first mover in Southeast Asias burgeoning financial technology scene, Caecilia Chu traveled from China to Singapore to launch YouTrip, a multicurrency wallet, in 2018. To the … [+303 chars]"
2023-10-26T05:15:29Z,"The World’s Most Valuable Whiskey Collection, According To Guinness World Records",Forbes,"Brittany Anas, Contributor, 
 Brittany Anas, Contributor
 https://www.forbes.com/sites/brittanyanas/",https://www.forbes.com/sites/brittanyanas/2023/10/26/the-worlds-most-valuable-whiskey-collection-according-to-guinness-world-records/,"The Grande Whisky Museum in Suntec City, Singapore is the keeper of not just the world’s most valuable whisky bottle, but also collection, says Guinness World Records.","The entrance to The Grand Whisky Museum in Singapore.
The Grande Whisky Museum
If youre a whisky lover, destinations like Scotland, Japan, and Kentucky are all probably high on your list of places … [+3658 chars]"
2023-11-08T10:20:18Z,Singapore GIC To Acquire Stake In Salim Group’s Indonesian Toll Road Firm Margautama For $210 Million,Forbes,"Yessar Rosendar, Forbes Staff, 
 Yessar Rosendar, Forbes Staff
 https://www.forbes.com/sites/yessarrosendar/",https://www.forbes.com/sites/yessarrosendar/2023/11/08/singapore-gic-to-acquire-stake-in-salim-groups-indonesian-toll-road-firm-margautama-for-210-million/,Singapore sovereign wealth fund GIC has agreed to acquire a 33% stake in Indonesian toll road operator Margautama Nusantara for about 3.3 trillion rupiah.,"Anthoni Salim speaks during a news conference.
Photographer: Yuriko Nakao/Bloomberg
Singapore sovereign wealth fund GIC has agreed to acquire a 33% stake in Indonesian toll road operator Margautama… [+1705 chars]"
2023-10-27T16:42:42Z,How this company is bringing an Uber-approach to buying and selling your home,Biztoc.com,thestreet.com,https://biztoc.com/x/b72b7ddbf59fa62d,"Ohmyhome is a a Singapore-based proptech company that offers a comprehensive online platform for real estate transactions. The platform offers a one stop shop for all things real estate, reducing the need for a traditional brokerage. Rhonda Wong, founder of O…","Ohmyhome is a a Singapore-based proptech company that offers a comprehensive online platform for real estate transactions. The platform offers a one stop shop for all things real estate, reducing the… [+282 chars]"
2023-11-10T16:48:34Z,"Crypto Lender Hodlnaut Ordered to Wind Up, Repay 17,000 Customers",Biztoc.com,decrypt.co,https://biztoc.com/x/1a5705bfe7a16794,"Singapore-based cryptocurrency lending platform Hodlnaut has been ordered by the High Court to liquidate, according to a court document dated November 10. The court appointed Aaron Loh Cheng Lee and Ee Meng Yen Angela, both from corporate advisory firm EY, as…","Singapore-based cryptocurrency lending platform Hodlnaut has been ordered by the High Court to liquidate, according to a court document dated November 10.The court appointed Aaron Loh Cheng Lee and E… [+309 chars]"
2023-11-10T04:40:09Z,Singapore's Keppel cuts China property focus in strategic refresh,Biztoc.com,asia.nikkei.com,https://biztoc.com/x/9639b743cd8f3160,"TOKYO -- Singaporean asset manager Keppel is pushing ahead with a ""refreshed China strategy"" that will increase its focus on sustainable projects while cutting its reliance on the mainland's troubled property sector. Loh Chin Hua, CEO of the company, in which…","TOKYO -- Singaporean asset manager Keppel is pushing ahead with a ""refreshed China strategy"" that will increase its focus on sustainable projects while cutting its reliance on the mainland's troubled… [+256 chars]"
2023-10-12T11:11:00Z,Scoot flight from Singapore to Perth turned back due to bomb threat; RSAF aircraft activated to escort plane,CNA,,https://www.channelnewsasia.com/singapore/scoot-bomb-threat-tr16-singapore-perth-return-changi-rsaf-escort-3840831,"SINGAPORE: A Scoot flight going from Singapore to Perth turned back to Changi Airport on Thursday (Oct 12) due to a bomb threat. The plane was escorted back to the airport by the Republic of Singapore Air Force (RSAF) aircraft, and emergency services were als…","SINGAPORE: A Scoot flight going from Singapore to Perth turned back to Changi Airport on Thursday (Oct 12) due to a bomb threat.
The plane was escorted back to the airport by the Republic of Singapo… [+1611 chars]"
2023-10-16T13:45:00Z,Taylor Swift's Eras Tour Movie Blasts Off With $100 Million+ Worldwide,GameSpot,Eddie Makuch,https://www.gamespot.com/articles/taylor-swifts-eras-tour-movie-blasts-off-with-100-million-worldwide/1100-6518406/,"Taylor Swift's The Eras Tour movie opened in theaters this past weekend, and as everyone expected, it did big business. The movie earned $95 million - 97 million in North America and $31 million - $33 million from international markets for a global start of $…","Taylor Swift's The Eras Tour movie opened in theaters this past weekend, and as everyone expected, it did big business. The movie earned $95 million - 97 million in North America and $31 million - $3… [+1695 chars]"
2023-10-13T15:49:08Z,Novel catalyst for green production of fine chemicals and pharmaceuticals,Science Daily,,https://www.sciencedaily.com/releases/2023/10/231013114908.htm,"Scientists have developed an innovative catalyst that achieves a significantly lower carbon footprint, paving the way for greener chemical and pharmaceutical manufacturing processes.","A team of researchers from the National University of Singapore (NUS) led by Associate Professor Lu Jiong from the Department of Chemistry under the NUS Faculty of Science, together with their intern… [+5590 chars]"
2023-11-02T10:30:39Z,Singapore’s Nicole Midori Woodford On Hauntings & Echoes Of Trauma In ‘Last Shadow At First Light’ – APSAs,Deadline,Liz Shackleton,https://deadline.com/2023/11/asia-pacific-screen-awards-nicole-midori-woodford-last-shadow-at-first-light-1235590535/,"Singaporean writer-director Nicole Midori Woodford is on a roll with her debut feature, Last Shadow At First Light, which premiered in New Directors at San Sebastian film festival and has two nominations at the Asia Pacific Screen Awards (APSAs) for best scre…","Singaporean writer-director Nicole Midori Woodford is on a roll with her debut feature, Last Shadow At First Light, which premiered in New Directors at San Sebastian film festival and has two nominat… [+7079 chars]"
2023-10-17T15:16:26Z,Crypto Market Insights: South East Asia Pushes Forward With Crypto,Forbes,"Sean Lee, Contributor, 
 Sean Lee, Contributor
 https://www.forbes.com/sites/seanlee/",https://www.forbes.com/sites/digital-assets/2023/10/17/crypto-market-insights-south-east-asia-pushes-forward-with-crypto/,"Malaysia approves digital asset exchange license, stablecoin partnership in Philippines and Singapore banks stepping up verification processes for bank account opening.","Welcome to the weekly Crypto Market Insights that touch on the latest news on digital assets developments and policy updates from across the Asia Pacific region.
Here are key events from last week:… [+4804 chars]"
2023-10-15T15:35:52Z,Koepka wins LIV Jeddah as Gooch claims £14.8m title,BBC News,,https://www.bbc.co.uk/sport/golf/67116751,Brooks Koepka beats US compatriot Talor Gooch in LIV Jeddah play-off but runner-up seals £14.8m title as the season's individual champion.,"Overall champion Talor Gooch won three LIV tournaments this season - at Adelaide, Singapore and Valderrama in Spain
<table><tr><th>LIV Golf Jeddah - final round leaderboard</th></tr>
<tr><td>-14: B… [+1399 chars]"
2023-10-13T01:30:00Z,How Asia Helped Watchmaker Richard Mille Rise To Become A Global Brand,Forbes,"Yessar Rosendar, Forbes Staff, 
 Yessar Rosendar, Forbes Staff
 https://www.forbes.com/sites/yessarrosendar/",https://www.forbes.com/sites/yessarrosendar/2023/10/12/how-asia-helped-watchmaker-richard-mille-rise-to-become-a-global-brand/,"From opening a new boutique in Singapore to offering more events for customers, Richard Mille’s focus on Asia has made it the biggest region for sales worldwide.","From opening a new boutique in Singapore to offering more events for customers, Richard Milles focus on Asia has made it the biggest region for sales worldwide.
Asia is the most important market wor… [+6578 chars]"
